Salary,Position,State,DOB,Sex,MaritalDesc,CitizenDesc,HispanicLatino,RaceDesc,DateofHire,DateofTermination,TermReason,EmploymentStatus,Department,RecruitmentSource,PerformanceScore,EngagementSurvey,EmpSatisfaction,SpecialProjectsCount,LastPerformanceReview_Date,DaysLateLast30,Absences
62506,Production Technician I,MA,1983-07-10,M,Single,US Citizen,No,White,2011-07-05,,N/A-StillEmployed,Active,Production,LinkedIn,Exceeds,4.6,5,0,2019-01-17,0,1
104437,Sr. DBA,MA,1975-05-05,M,Married,US Citizen,No,White,2015-03-30,16-06-2016,career change,Voluntarily Terminated,IT/IS,Indeed,Fully Meets,4.96,3,6,2016-02-24,0,17
64955,Production Technician II,MA,1988-09-19,F,Married,US Citizen,No,White,2011-07-05,24-09-2012,hours,Voluntarily Terminated,Production,LinkedIn,Fully Meets,3.02,3,0,2012-05-15,0,3
64991,Production Technician I,MA,1988-09-27,F,Married,US Citizen,No,White,2008-01-07,,N/A-StillEmployed,Active,Production,Indeed,Fully Meets,4.84,5,0,2019-01-03,0,15
50825,Production Technician I,MA,1989-09-08,F,Divorced,US Citizen,No,White,2011-07-11,06-09-2016,return to school,Voluntarily Terminated,Production,Google Search,Fully Meets,5,4,0,2016-02-01,0,2
57568,Production Technician I,MA,1977-05-22,F,Single,US Citizen,No,White,2012-01-09,,N/A-StillEmployed,Active,Production,LinkedIn,Exceeds,5,5,0,2019-01-07,0,15
95660,Software Engineer,MA,1979-05-24,F,Single,US Citizen,No,White,2014-11-10,,N/A-StillEmployed,Active,Software Engineering,LinkedIn,Fully Meets,3.04,3,4,2019-01-02,0,19
59365,Production Technician I,MA,1983-02-18,M,Widowed,US Citizen,No,White,2013-09-30,,N/A-StillEmployed,Active,Production,Employee Referral,Fully Meets,5,4,0,2019-02-25,0,19
47837,Production Technician I,MA,1970-02-11,F,Single,US Citizen,No,Black or African American,2009-07-06,,N/A-StillEmployed,Active,Production,Diversity Job Fair,Fully Meets,4.46,3,0,2019-01-25,0,4
50178,IT Support,MA,1988-01-07,M,Divorced,US Citizen,No,White,2015-01-05,,N/A-StillEmployed,Active,IT/IS,Indeed,Fully Meets,5,5,6,2019-02-18,0,16
54670,Production Technician I,MA,1974-01-12,F,Married,US Citizen,Yes,Black or African American,2011-01-10,12-01-2017,Another position,Voluntarily Terminated,Production,Diversity Job Fair,Fully Meets,4.2,4,0,2016-01-30,0,12
47211,Production Technician I,MA,1974-02-21,M,Married,US Citizen,Yes,Black or African American,2012-04-02,19-09-2016,unhappy,Voluntarily Terminated,Production,Diversity Job Fair,Fully Meets,4.2,3,0,2016-05-06,0,15
92328,Data Analyst,TX,1988-07-04,M,Divorced,US Citizen,No,Black or African American,2014-11-10,,N/A-StillEmployed,Active,IT/IS,Diversity Job Fair,Exceeds,4.28,4,5,2019-02-25,0,9
58709,Production Technician I,MA,1983-07-20,M,Single,US Citizen,No,Two or more races,2012-02-20,,N/A-StillEmployed,Active,Production,Google Search,Fully Meets,4.6,4,0,2019-02-14,0,7
52505,Production Technician I,MA,1977-07-15,M,Divorced,US Citizen,No,White,2012-09-24,06-04-2017,Another position,Voluntarily Terminated,Production,On-line Web application,Fully Meets,5,5,0,2017-03-02,0,1
57834,Production Technician I,MA,1981-10-18,M,Single,US Citizen,No,White,2011-02-21,04-08-2017,attendance,Terminated for Cause,Production,Google Search,Fully Meets,5,4,0,2017-04-05,0,20
70131,Production Technician II,MA,1966-04-17,F,Married,US Citizen,No,White,2016-07-21,,N/A-StillEmployed,Active,Production,Employee Referral,Exceeds,4.4,3,0,2019-01-14,0,16
59026,Production Technician I,MA,1970-10-27,F,Single,Eligible NonCitizen,No,White,2011-04-04,,N/A-StillEmployed,Active,Production,Google Search,Fully Meets,5,5,0,2019-01-14,0,12
110000,Database Administrator,MA,1986-04-04,F,Single,US Citizen,Yes,White,2014-07-07,12-09-2015,performance,Terminated for Cause,IT/IS,Google Search,Fully Meets,4.5,4,5,2015-01-15,0,8
53250,Production Technician I,MA,1979-04-06,M,Single,US Citizen,No,Asian,2013-07-08,,N/A-StillEmployed,Active,Production,LinkedIn,Fully Meets,4.2,4,0,2019-01-11,0,13
51044,Production Technician I,MA,1970-12-22,M,Single,US Citizen,Yes,White,2012-04-02,,N/A-StillEmployed,Active,Production,Google Search,Fully Meets,5,3,0,2019-01-14,0,13
64919,Production Technician I,MA,1958-12-27,F,Divorced,US Citizen,No,Asian,2013-08-19,,N/A-StillEmployed,Active,Production,Indeed,Fully Meets,4.2,3,0,2019-01-10,0,2
62910,Production Technician I,MA,1989-09-01,F,Married,US Citizen,No,White,2014-07-07,,N/A-StillEmployed,Active,Production,Indeed,Exceeds,5,3,0,2019-02-27,0,19
66441,Production Technician II,MA,1990-09-21,F,Single,US Citizen,No,White,2011-04-04,,N/A-StillEmployed,Active,Production,CareerBuilder,Needs Improvement,2,3,0,2019-02-27,2,3
57815,Production Technician II,MA,1967-01-16,F,Single,US Citizen,No,White,2011-01-10,04-04-2014,career change,Voluntarily Terminated,Production,Google Search,Fully Meets,4.8,5,0,2014-03-04,0,5
103613,Enterprise Architect,CT,1964-07-30,M,Single,US Citizen,No,Black or African American,2014-02-17,19-02-2016,Learned that he is a gangster,Terminated for Cause,IT/IS,LinkedIn,Fully Meets,3.5,5,7,2016-01-10,0,2
106367,Sr. Accountant,MA,1987-04-04,F,Married,US Citizen,No,Black or African American,2015-02-16,,N/A-StillEmployed,Active,Admin Offices,Diversity Job Fair,Fully Meets,5,4,3,2019-02-18,0,4
74312,Production Manager,MA,1970-03-10,M,Single,US Citizen,No,Asian,2013-09-30,07-08-2014,retiring,Voluntarily Terminated,Production,Indeed,Fully Meets,3.39,3,0,2014-02-20,0,14
53492,Production Technician I,MA,1990-08-24,F,Married,US Citizen,No,White,2012-04-02,15-06-2013,Another position,Voluntarily Terminated,Production,Google Search,Fully Meets,3.35,4,0,2013-03-04,0,6
63000,Accountant I,MA,1987-11-24,F,Married,US Citizen,No,Black or African American,2008-10-27,,N/A-StillEmployed,Active,Admin Offices,Diversity Job Fair,Fully Meets,4.5,2,6,2019-01-15,0,14
65288,Production Technician II,MA,1983-07-28,M,Single,US Citizen,No,White,2014-09-29,,N/A-StillEmployed,Active,Production,Google Search,Fully Meets,3.19,3,0,2019-02-01,0,9
64375,Production Technician I,MA,1969-10-30,F,Separated,US Citizen,No,Black or African American,2013-11-11,,N/A-StillEmployed,Active,Production,Diversity Job Fair,Fully Meets,3.5,5,0,2019-01-21,0,17
74326,Area Sales Manager,VA,1964-06-01,F,Married,Eligible NonCitizen,No,Black or African American,2011-08-15,02-08-2014,Another position,Voluntarily Terminated,Sales,Google Search,Fully Meets,3.14,5,0,2013-02-10,1,19
63763,Production Technician II,MA,1980-03-02,F,Single,US Citizen,No,Black or African American,2012-03-05,,N/A-StillEmployed,Active,Production,Employee Referral,Fully Meets,4.51,4,0,2019-02-21,0,3
62162,Production Technician II,MA,1977-08-19,M,Married,US Citizen,No,White,2011-04-04,,N/A-StillEmployed,Active,Production,Indeed,Fully Meets,3.25,5,0,2019-01-14,0,15
77692,Software Engineering Manager,MA,1966-11-22,M,Single,US Citizen,No,White,2011-08-15,,N/A-StillEmployed,Active,Software Engineering,Google Search,Fully Meets,3.84,3,5,2019-01-21,0,4
72640,Production Manager,MA,1983-08-09,M,Single,US Citizen,No,White,2016-01-28,,N/A-StillEmployed,Active,Production,Indeed,Exceeds,5,3,0,2019-02-22,0,14
93396,Software Engineer,MA,1987-04-05,F,Single,US Citizen,No,White,2013-11-11,,N/A-StillEmployed,Active,Software Engineering,Indeed,Fully Meets,4.96,4,6,2019-01-30,0,3
52846,Production Technician I,MA,1983-02-02,M,Single,US Citizen,No,Black or African American,2014-03-31,,N/A-StillEmployed,Active,Production,LinkedIn,Fully Meets,4.43,3,0,2019-02-01,0,14
100031,Sr. DBA,MA,1986-06-06,F,Single,US Citizen,No,Black or African American,2016-06-30,,N/A-StillEmployed,Active,IT/IS,LinkedIn,Fully Meets,5,5,6,2019-02-18,0,7
71860,Area Sales Manager,VT,1963-05-15,F,Single,US Citizen,No,White,2014-08-18,,N/A-StillEmployed,Active,Sales,Indeed,Fully Meets,5,5,0,2019-01-21,0,7
61656,Production Technician I,MA,1951-01-02,F,Single,US Citizen,No,White,2014-09-29,,N/A-StillEmployed,Active,Production,Google Search,Fully Meets,5,4,0,2019-02-12,0,11
110929,BI Director,MA,1972-02-09,M,Married,US Citizen,No,White,2016-09-06,,N/A-StillEmployed,Active,IT/IS,Indeed,Fully Meets,4.5,5,7,2019-01-15,0,8
54237,Production Technician I,MA,1979-02-12,F,Single,US Citizen,No,White,2014-05-12,,N/A-StillEmployed,Active,Production,Indeed,Fully Meets,3.3,4,0,2019-02-19,0,11
60380,Production Technician I,MA,1983-08-24,M,Single,US Citizen,No,White,2013-07-08,,N/A-StillEmployed,Active,Production,LinkedIn,Fully Meets,3.8,5,0,2019-01-14,0,4
66808,Area Sales Manager,TX,1970-06-11,M,Single,Eligible NonCitizen,No,Black or African American,2012-05-14,,N/A-StillEmployed,Active,Sales,Employee Referral,Fully Meets,3,5,0,2019-01-19,0,17
64786,Production Technician I,MA,1983-08-27,F,Single,US Citizen,No,White,2011-06-27,15-11-2015,relocation out of area,Voluntarily Terminated,Production,Indeed,Fully Meets,4.3,4,0,2015-03-10,0,3
64816,Production Technician I,MA,1988-05-31,F,Single,Non-Citizen,No,Black or African American,2011-10-03,,N/A-StillEmployed,Active,Production,Indeed,Fully Meets,3.58,5,0,2019-01-30,0,3
68678,IT Support,MA,1985-09-05,M,Single,US Citizen,No,White,2012-09-05,,N/A-StillEmployed,Active,IT/IS,Indeed,Fully Meets,4.7,3,6,2019-02-27,0,2
64066,Production Technician II,MA,1981-08-31,F,Married,US Citizen,No,White,2011-05-16,07-01-2013,unhappy,Voluntarily Terminated,Production,Google Search,Fully Meets,4.2,5,0,2012-05-03,0,9
59369,Production Technician II,MA,1978-11-25,M,Married,US Citizen,No,White,2010-08-30,26-09-2011,career change,Voluntarily Terminated,Production,Indeed,Fully Meets,4.2,4,0,2011-05-04,0,6
50373,Production Technician I,MA,1980-08-26,M,Married,US Citizen,No,White,2016-07-06,,N/A-StillEmployed,Active,Production,Employee Referral,Exceeds,4.1,4,0,2019-02-28,0,5
63108,Production Technician I,MA,1977-09-08,M,Single,US Citizen,No,White,2013-07-08,,N/A-StillEmployed,Active,Production,Employee Referral,Fully Meets,4.4,5,0,2019-01-14,0,3
59144,Production Technician I,MA,1979-08-12,M,Single,US Citizen,No,Black or African American,2011-07-11,23-09-2016,performance,Terminated for Cause,Production,LinkedIn,Needs Improvement,2,3,0,2016-05-01,5,16
68051,Production Manager,MA,1975-12-17,M,Divorced,US Citizen,No,White,2010-07-20,,N/A-StillEmployed,Active,Production,CareerBuilder,Needs Improvement,4.13,2,0,2019-01-14,3,3
170500,Director of Operations,MA,1983-03-19,M,Single,US Citizen,No,Black or African American,2009-01-05,,N/A-StillEmployed,Active,Production,Indeed,Exceeds,3.7,5,0,2019-02-04,0,15
63381,Production Technician I,MA,1977-03-31,F,Married,US Citizen,Yes,White,2015-01-05,,N/A-StillEmployed,Active,Production,Indeed,Fully Meets,4.73,5,0,2019-02-14,0,6
83552,Data Analyst,MA,1986-08-26,M,Married,US Citizen,No,White,2015-03-30,,N/A-StillEmployed,Active,IT/IS,Indeed,Fully Meets,3.04,3,6,2019-01-22,0,2
56149,Production Technician I,MA,1987-04-10,F,Single,US Citizen,No,White,2016-07-06,,N/A-StillEmployed,Active,Production,LinkedIn,Fully Meets,4.12,5,0,2019-01-28,0,15
92329,Sr. Network Engineer,CT,1965-09-09,M,Single,US Citizen,No,White,2014-11-10,,N/A-StillEmployed,Active,IT/IS,Employee Referral,Fully Meets,5,3,4,2019-01-02,0,5
65729,Sales Manager,VT,1990-04-19,F,Single,US Citizen,No,White,2014-05-05,,N/A-StillEmployed,Active,Sales,Indeed,Fully Meets,4.62,4,0,2019-01-24,0,8
85028,Sr. Network Engineer,CT,1952-01-18,F,Married,US Citizen,No,White,2014-11-10,,N/A-StillEmployed,Active,IT/IS,LinkedIn,Fully Meets,3.1,5,8,2019-02-12,0,19
57583,Production Technician I,MA,1978-11-05,F,Married,US Citizen,No,White,2012-07-02,,N/A-StillEmployed,Active,Production,Indeed,Fully Meets,5,3,0,2019-02-25,0,1
56294,Production Technician II,MA,1979-09-14,M,Single,Eligible NonCitizen,No,Two or more races,2011-11-07,,N/A-StillEmployed,Active,Production,LinkedIn,Fully Meets,3.96,4,0,2019-02-27,0,6
56991,Production Technician I,MA,1988-04-15,M,Married,US Citizen,No,White,2018-07-09,,N/A-StillEmployed,Active,Production,Indeed,Fully Meets,4.3,4,3,2019-01-31,2,2
55722,Production Technician I,MA,1977-10-31,M,Married,US Citizen,No,White,2011-05-16,08-06-2016,unhappy,Voluntarily Terminated,Production,Indeed,Fully Meets,5,4,0,2016-04-02,0,14
101199,Software Engineer,MA,1979-07-05,F,Single,US Citizen,No,Black or African American,2012-01-09,,N/A-StillEmployed,Active,Software Engineering,CareerBuilder,Fully Meets,3.79,5,5,2019-01-25,0,8
61568,Area Sales Manager,AL,1975-11-02,M,Single,US Citizen,No,Two or more races,2014-09-29,,N/A-StillEmployed,Active,Sales,Indeed,PIP,1.93,3,0,2019-01-30,6,5
58275,Production Technician II,MA,1951-02-25,F,Separated,US Citizen,No,Black or African American,2011-04-04,04-11-2015,more money,Voluntarily Terminated,Production,Google Search,Fully Meets,4.62,5,0,2015-05-06,0,1
53189,Production Technician I,MA,1967-04-19,M,Married,US Citizen,No,White,2014-07-07,,N/A-StillEmployed,Active,Production,Indeed,PIP,1.12,2,0,2019-01-31,4,9
96820,BI Developer,MA,1983-09-04,M,Single,US Citizen,No,White,2017-02-15,,N/A-StillEmployed,Active,IT/IS,Indeed,Fully Meets,3.01,5,7,2019-01-23,0,15
51259,Production Technician I,MA,1982-11-15,M,Single,US Citizen,No,White,2014-05-12,,N/A-StillEmployed,Active,Production,Indeed,Fully Meets,4.3,4,0,2019-02-19,0,1
59231,Area Sales Manager,WA,1987-05-14,F,Single,US Citizen,Yes,White,2012-02-20,,N/A-StillEmployed,Active,Sales,Website,PIP,2.3,1,0,2019-01-29,2,17
61584,Production Technician I,MA,1978-12-02,F,Married,US Citizen,No,Black or African American,2013-01-07,,N/A-StillEmployed,Active,Production,Indeed,Needs Improvement,3.88,4,0,2019-01-18,0,6
46335,Production Technician I,MA,1986-10-07,F,Single,US Citizen,Yes,White,2012-04-02,,N/A-StillEmployed,Active,Production,CareerBuilder,Fully Meets,3.4,5,0,2019-02-19,0,15
70621,IT Support,MA,1988-07-18,F,Married,US Citizen,No,White,2015-01-05,,N/A-StillEmployed,Active,IT/IS,Employee Referral,Fully Meets,4.11,4,6,2019-02-25,0,16
138888,IT Manager - Support,MA,1970-07-09,M,Single,US Citizen,No,Black or African American,2014-01-05,,N/A-StillEmployed,Active,IT/IS,Indeed,Exceeds,4.3,5,5,2019-01-04,0,4
74241,Area Sales Manager,CA,1988-11-08,F,Single,US Citizen,No,White,2011-01-10,,N/A-StillEmployed,Active,Sales,Indeed,Exceeds,4.77,5,0,2019-01-27,0,14
75188,Production Manager,MA,1973-11-28,F,Single,US Citizen,No,White,2014-09-18,,N/A-StillEmployed,Active,Production,Google Search,Fully Meets,4.52,4,0,2019-01-15,0,4
62514,Production Technician I,MA,1973-09-23,F,Married,US Citizen,No,White,2010-04-26,,N/A-StillEmployed,Active,Production,Google Search,Fully Meets,2.9,3,0,2019-01-21,0,6
60070,Production Technician I,MA,1991-09-05,F,Married,US Citizen,No,White,2011-04-04,06-06-2017,military,Voluntarily Terminated,Production,Google Search,Fully Meets,5,3,0,2017-04-09,0,7
48888,Production Technician I,MA,1974-05-31,M,Single,US Citizen,No,White,2014-11-10,,N/A-StillEmployed,Active,Production,LinkedIn,Fully Meets,4.7,5,0,2019-02-13,0,8
54285,Production Technician I,MA,1978-08-25,M,Married,US Citizen,No,White,2014-03-31,,N/A-StillEmployed,Active,Production,Employee Referral,Fully Meets,4.2,3,0,2019-01-11,0,3
56847,Production Technician II,MA,1989-08-25,F,Separated,US Citizen,No,White,2014-07-07,,N/A-StillEmployed,Active,Production,Indeed,PIP,3,1,0,2019-02-25,2,5
60340,Production Technician I,MA,1983-09-02,M,Single,US Citizen,No,White,2012-04-02,27-09-2018,attendance,Terminated for Cause,Production,Google Search,Needs Improvement,5,4,0,2018-04-12,5,16
59124,Production Technician I,MA,1989-05-06,F,Single,US Citizen,No,White,2014-02-17,25-02-2018,"no-call, no-show",Terminated for Cause,Production,Google Search,Needs Improvement,2.3,3,0,2017-01-15,5,19
99280,Software Engineer,MA,1987-05-15,F,Married,US Citizen,No,Black or African American,2011-05-02,05-06-2013,attendance,Terminated for Cause,Software Engineering,Indeed,Needs Improvement,2.1,5,4,2012-08-10,4,19
71776,Production Technician II,MA,1978-09-22,F,Married,US Citizen,No,Black or African American,2014-07-07,,N/A-StillEmployed,Active,Production,LinkedIn,Fully Meets,4.4,5,0,2019-02-22,0,17
65902,Production Technician II,MA,1987-09-27,F,Single,US Citizen,No,Black or African American,2014-02-17,,N/A-StillEmployed,Active,Production,LinkedIn,Fully Meets,4,4,0,2019-01-07,0,7
57748,Production Technician I,MA,1955-04-14,F,Married,US Citizen,No,White,2011-11-07,17-05-2016,military,Voluntarily Terminated,Production,Google Search,Fully Meets,3.13,3,0,2016-02-04,0,16
64057,Production Technician I,MA,1989-10-18,M,Married,US Citizen,No,White,2015-05-11,,N/A-StillEmployed,Active,Production,Indeed,PIP,1.56,5,0,2019-01-03,6,15
53366,Network Engineer,MA,1987-06-18,M,Single,US Citizen,No,White,2015-03-30,,N/A-StillEmployed,Active,IT/IS,LinkedIn,PIP,1.2,3,6,2019-02-04,3,2
58530,Production Technician I,MA,1981-03-16,F,Married,US Citizen,No,White,2012-01-09,,N/A-StillEmployed,Active,Production,Google Search,Fully Meets,5,5,0,2019-01-29,0,19
72609,Production Technician II,MA,1981-10-01,M,Single,US Citizen,Yes,White,2011-05-16,24-06-2013,hours,Voluntarily Terminated,Production,Google Search,Fully Meets,4.76,5,0,2013-04-05,0,20
55965,Production Technician II,MA,1983-11-08,F,Married,US Citizen,No,White,2011-04-04,09-01-2013,career change,Voluntarily Terminated,Production,Google Search,Fully Meets,3.66,3,0,2012-01-07,0,6
70187,Area Sales Manager,MA,1975-07-07,M,Married,US Citizen,No,White,2014-09-29,19-08-2018,Fatal attraction,Terminated for Cause,Sales,Employee Referral,PIP,2,5,0,2019-01-28,4,7
178000,IT Director,MA,1980-07-05,M,Single,US Citizen,No,Black or African American,2011-04-15,,N/A-StillEmployed,Active,IT/IS,Indeed,Exceeds,5,5,5,2019-01-07,0,15
99351,Sr. Accountant,MA,1979-04-16,F,Married,US Citizen,no,White,2009-01-05,,N/A-StillEmployed,Active,Admin Offices,Other,Fully Meets,5,3,2,2019-02-08,0,3
67251,Area Sales Manager,CT,1963-08-28,M,Single,US Citizen,No,Black or African American,2011-09-06,,N/A-StillEmployed,Active,Sales,CareerBuilder,Fully Meets,4.3,3,0,2019-01-27,2,7
65707,IT Support,CT,1968-07-06,F,Single,US Citizen,No,White,2010-05-01,,N/A-StillEmployed,Active,IT/IS,LinkedIn,Fully Meets,4.7,4,5,2019-02-01,0,1
52249,Production Technician I,MA,1985-09-15,M,Single,US Citizen,Yes,White,2015-03-30,,N/A-StillEmployed,Active,Production,Employee Referral,Fully Meets,4.5,3,0,2019-02-18,0,5
53171,Production Technician I,MA,1983-12-02,F,Single,US Citizen,Yes,Black or African American,2011-05-16,,N/A-StillEmployed,Active,Production,LinkedIn,Fully Meets,4.2,4,0,2019-02-26,0,12
51337,Production Technician I,MA,1990-10-01,F,Married,US Citizen,No,Black or African American,2015-03-30,,N/A-StillEmployed,Active,Production,LinkedIn,Fully Meets,3.73,3,0,2019-01-16,0,19
51505,Production Technician I,MA,1970-05-15,F,Divorced,US Citizen,No,Black or African American,2011-11-07,15-11-2016,hours,Voluntarily Terminated,Production,Diversity Job Fair,Fully Meets,4.24,4,0,2016-04-29,0,2
59370,Area Sales Manager,OH,1971-07-10,F,Widowed,US Citizen,No,Black or African American,2014-07-07,05-09-2015,attendance,Terminated for Cause,Sales,CareerBuilder,Fully Meets,3.97,4,0,2014-01-15,0,7
54933,Production Technician I,MA,1974-08-09,M,Married,US Citizen,No,Black or African American,2012-04-02,25-06-2015,military,Voluntarily Terminated,Production,Diversity Job Fair,Needs Improvement,3.97,4,0,2015-01-20,3,15
57815,Production Technician I,MA,1980-05-08,F,Single,US Citizen,Yes,Two or more races,2014-09-29,,N/A-StillEmployed,Active,Production,Indeed,Exceeds,3.9,4,0,2019-02-07,0,3
61555,Area Sales Manager,IN,1989-09-22,F,Single,US Citizen,No,White,2015-02-16,,N/A-StillEmployed,Active,Sales,Indeed,Fully Meets,4.5,5,0,2019-01-25,0,20
114800,Database Administrator,MA,1971-10-23,F,Single,US Citizen,No,White,2015-02-16,15-03-2015,"no-call, no-show",Terminated for Cause,IT/IS,Indeed,Fully Meets,4.6,4,4,2015-01-20,0,10
74679,IT Support,MA,1989-11-24,M,Married,US Citizen,Yes,White,2015-03-30,,N/A-StillEmployed,Active,IT/IS,LinkedIn,Fully Meets,4.3,5,7,2019-01-10,0,20
53018,Production Technician I,MA,1992-06-18,F,Single,US Citizen,Yes,White,2013-11-11,,N/A-StillEmployed,Active,Production,Indeed,Fully Meets,4.3,5,0,2019-02-18,0,7
59892,Production Technician I,MA,1969-09-29,M,Divorced,US Citizen,No,Black or African American,2011-07-11,,N/A-StillEmployed,Active,Production,Diversity Job Fair,Exceeds,4.5,4,0,2019-02-18,0,1
68898,Production Technician II,MA,1964-10-12,M,Married,US Citizen,No,Black or African American,2010-04-26,30-05-2011,career change,Voluntarily Terminated,Production,Diversity Job Fair,PIP,3,3,0,2011-03-06,3,10
61242,IT Support,MA,1981-04-16,F,Separated,US Citizen,Yes,White,2015-01-05,,N/A-StillEmployed,Active,IT/IS,Employee Referral,Fully Meets,4.61,4,5,2019-01-28,0,11
66825,Production Technician II,MA,1986-05-25,F,Married,US Citizen,No,White,2014-05-12,,N/A-StillEmployed,Active,Production,LinkedIn,Fully Meets,4.6,3,0,2019-02-07,0,20
48285,Production Technician I,MA,1979-05-21,M,Married,US Citizen,No,White,2012-07-02,,N/A-StillEmployed,Active,Production,LinkedIn,Fully Meets,5,3,0,2019-01-14,0,2
66149,Production Technician II,MA,1983-12-08,F,Separated,US Citizen,No,American Indian or Alaska Native,2013-09-30,,N/A-StillEmployed,Active,Production,Google Search,Fully Meets,4.4,5,0,2019-02-21,0,1
49256,Production Technician I,MA,1974-10-09,F,Married,US Citizen,No,Asian,2013-08-19,,N/A-StillEmployed,Active,Production,LinkedIn,Fully Meets,4.1,5,0,2019-02-15,0,3
62957,Production Manager,MA,1981-07-11,M,Divorced,US Citizen,No,White,2015-06-02,,N/A-StillEmployed,Active,Production,Employee Referral,Fully Meets,4.63,3,0,2019-01-04,0,2
63813,Production Technician I,MA,1983-05-21,F,Divorced,US Citizen,No,White,2011-02-21,11-01-2014,more money,Voluntarily Terminated,Production,CareerBuilder,Fully Meets,5,5,0,2013-06-03,0,17
99020,BI Developer,MA,1989-06-30,M,Married,US Citizen,No,Black or African American,2017-04-20,,N/A-StillEmployed,Active,IT/IS,Indeed,Fully Meets,4.2,5,5,2019-01-28,0,8
71707,Area Sales Manager,TN,1969-02-09,M,Single,US Citizen,No,Two or more races,2012-03-07,31-10-2014,relocation out of area,Voluntarily Terminated,Sales,LinkedIn,Fully Meets,4.5,5,0,2013-02-01,0,20
54828,Production Technician I,MA,1977-03-23,F,Married,US Citizen,No,White,2011-11-28,,N/A-StillEmployed,Active,Production,Google Search,Fully Meets,4.2,4,0,2019-02-22,0,13
64246,Production Technician II,MA,1988-08-10,M,Single,US Citizen,Yes,White,2013-11-11,,N/A-StillEmployed,Active,Production,LinkedIn,Fully Meets,5,3,0,2019-01-08,0,20
52177,Production Technician I,MA,1952-08-18,F,Single,US Citizen,No,White,2012-01-09,15-12-2015,retiring,Voluntarily Terminated,Production,CareerBuilder,Fully Meets,4.64,4,0,2015-05-02,0,8
62065,Production Technician I,MA,1974-05-02,F,Married,US Citizen,No,White,2014-05-12,,N/A-StillEmployed,Active,Production,CareerBuilder,Exceeds,4.76,4,0,2019-02-15,0,5
46998,Production Technician I,MA,1984-01-04,M,Single,US Citizen,No,White,2012-08-13,,N/A-StillEmployed,Active,Production,Google Search,Fully Meets,4.17,4,0,2019-02-11,0,1
68099,Production Technician II,MA,1972-08-27,F,Single,US Citizen,No,White,2011-01-10,18-06-2013,hours,Voluntarily Terminated,Production,CareerBuilder,Fully Meets,5,3,0,2013-01-30,0,15
70545,Area Sales Manager,NH,1988-09-14,M,Married,US Citizen,No,American Indian or Alaska Native,2014-08-18,,N/A-StillEmployed,Active,Sales,Indeed,Fully Meets,3.6,5,0,2019-01-30,0,9
63478,Production Technician II,MA,1984-02-16,F,Married,Non-Citizen,No,White,2011-08-15,07-04-2012,relocation out of area,Voluntarily Terminated,Production,Indeed,Fully Meets,3.03,5,0,2012-03-05,0,16
97999,Database Administrator,MA,1984-02-21,F,Single,US Citizen,No,White,2015-03-30,,N/A-StillEmployed,Active,IT/IS,Indeed,Fully Meets,4.48,5,6,2019-01-03,0,4
180000,Director of Sales,RI,1966-03-17,F,Married,US Citizen,No,White,2014-05-05,,N/A-StillEmployed,Active,Sales,LinkedIn,Fully Meets,4.5,4,0,2019-01-21,0,19
49920,Administrative Assistant,MA,1985-09-16,F,Married,US Citizen,No,Black or African American,2015-02-16,15-04-2015,"no-call, no-show",Terminated for Cause,Admin Offices,Indeed,Fully Meets,3.24,3,4,2015-04-15,0,6
55425,Production Technician I,MA,1986-06-10,F,Single,US Citizen,No,White,2012-02-20,,N/A-StillEmployed,Active,Production,LinkedIn,Fully Meets,4.8,4,0,2019-01-07,0,4
69340,Production Technician II,MA,1984-03-11,F,Single,US Citizen,No,White,2016-06-06,,N/A-StillEmployed,Active,Production,LinkedIn,Fully Meets,3,5,0,2019-01-18,0,4
64995,Production Technician II,MA,1992-05-07,F,Separated,US Citizen,No,White,2015-06-05,,N/A-StillEmployed,Active,Production,Indeed,Fully Meets,4.5,3,0,2019-02-14,0,6
68182,Production Technician II,MA,1976-09-22,F,Divorced,US Citizen,No,White,2011-02-21,01-04-2013,unhappy,Voluntarily Terminated,Production,Google Search,Fully Meets,3.72,3,0,2013-02-01,0,18
83082,Production Manager,MA,1976-11-15,M,Married,US Citizen,No,Asian,2011-02-21,24-09-2012,unhappy,Voluntarily Terminated,Production,Indeed,Needs Improvement,2.34,2,0,2012-04-12,3,4
51908,Production Technician I,MA,1991-01-28,F,Single,US Citizen,No,White,2013-08-19,,N/A-StillEmployed,Active,Production,Indeed,Fully Meets,3.99,3,0,2019-01-14,0,14
61242,Production Technician I,MA,1972-09-11,F,Single,US Citizen,No,Black or African American,2012-11-05,,N/A-StillEmployed,Active,Production,LinkedIn,Fully Meets,4.1,3,0,2019-01-17,0,7
45069,Production Technician I,MA,1966-03-22,F,Divorced,US Citizen,No,White,2013-09-30,,N/A-StillEmployed,Active,Production,Employee Referral,Fully Meets,4.3,5,0,2019-02-22,0,7
60724,Production Technician II,MA,1986-11-06,F,Divorced,US Citizen,No,American Indian or Alaska Native,2011-07-05,,N/A-StillEmployed,Active,Production,LinkedIn,Exceeds,4.6,4,0,2019-02-25,0,11
60436,Production Technician I,MA,1964-04-13,F,Separated,US Citizen,No,White,2014-01-06,,N/A-StillEmployed,Active,Production,LinkedIn,Fully Meets,5,5,0,2019-01-21,0,9
46837,Production Technician I,MA,1959-08-19,M,Married,US Citizen,No,White,2011-11-07,29-04-2018,more money,Voluntarily Terminated,Production,CareerBuilder,Exceeds,4.7,4,0,2018-02-14,0,9
105700,Database Administrator,MA,1986-11-07,F,Married,US Citizen,No,Asian,2015-01-05,,N/A-StillEmployed,Active,IT/IS,Indeed,Fully Meets,3.75,3,5,2019-02-11,0,2
63322,Production Technician II,MA,1969-09-08,F,Single,US Citizen,No,White,2014-07-07,,N/A-StillEmployed,Active,Production,LinkedIn,Exceeds,4.3,3,0,2019-01-11,0,1
61154,Production Technician I,MA,1986-04-17,F,Married,US Citizen,No,Black or African American,2011-01-10,01-04-2016,unhappy,Voluntarily Terminated,Production,CareerBuilder,Fully Meets,4,4,0,2016-02-03,0,4
68999,Sales Manager,PA,1989-11-11,F,Single,US Citizen,No,White,2011-11-07,24-04-2014,maternity leave - did not return,Voluntarily Terminated,Sales,Google Search,Fully Meets,4.5,5,0,2013-03-30,0,2
50482,Production Technician I,MA,1976-01-19,M,Single,US Citizen,No,White,2013-09-30,,N/A-StillEmployed,Active,Production,Indeed,Fully Meets,3.07,4,0,2019-01-23,0,10
65310,Area Sales Manager,CO,1979-11-27,M,Single,US Citizen,No,White,2013-08-19,,N/A-StillEmployed,Active,Sales,Indeed,Fully Meets,4.3,5,0,2019-01-22,0,13
250000,President & CEO,MA,1954-09-21,F,Married,US Citizen,Yes,White,2012-07-02,,N/A-StillEmployed,Active,Executive Office,Indeed,Fully Meets,4.83,3,0,2019-01-17,0,10
54005,Production Technician I,MA,1973-12-08,F,Married,US Citizen,No,White,2011-09-26,04-06-2015,more money,Voluntarily Terminated,Production,Google Search,Fully Meets,3.6,5,0,2015-03-01,0,16
45433,Production Technician I,MA,1970-10-08,F,Married,US Citizen,No,White,2011-09-26,09-01-2014,more money,Voluntarily Terminated,Production,Google Search,Fully Meets,3.49,4,0,2013-01-30,0,6
46654,Production Technician I,MA,1977-11-10,M,Single,US Citizen,No,Black or African American,2014-02-17,,N/A-StillEmployed,Active,Production,LinkedIn,Fully Meets,3.1,3,0,2019-02-06,0,3
63973,Production Technician I,MA,1980-02-02,M,Married,US Citizen,No,Asian,2011-01-10,,N/A-StillEmployed,Active,Production,Indeed,Fully Meets,3.38,3,0,2019-01-21,0,17
71339,Area Sales Manager,NY,1969-02-24,M,Single,US Citizen,Yes,Black or African American,2011-03-07,,N/A-StillEmployed,Active,Sales,Diversity Job Fair,Fully Meets,3.65,5,0,2019-01-17,0,20
93206,Sr. Network Engineer,MA,1986-04-23,M,Married,US Citizen,No,White,2014-11-10,,N/A-StillEmployed,Active,IT/IS,Employee Referral,Fully Meets,4.46,5,6,2019-01-07,0,7
82758,Production Manager,MA,1972-07-01,M,Married,US Citizen,No,White,2011-01-10,12-12-2015,attendance,Terminated for Cause,Production,Employee Referral,Fully Meets,4.78,4,0,2015-02-15,0,9
66074,Production Technician II,MA,1979-07-25,F,Divorced,US Citizen,No,Asian,2013-01-07,31-03-2014,Another position,Voluntarily Terminated,Production,Indeed,Fully Meets,4.52,3,0,2014-02-20,0,20
46120,Production Technician I,MA,1986-12-09,M,Married,US Citizen,No,White,2012-07-09,,N/A-StillEmployed,Active,Production,LinkedIn,Fully Meets,5,5,0,2019-02-04,0,13
64520,Accountant I,MA,1984-04-26,M,Divorced,US Citizen,No,Black or African American,2014-01-06,,N/A-StillEmployed,Active,Admin Offices,Website,Fully Meets,5,4,4,2019-01-17,0,3
61962,Production Technician II,MA,1984-05-09,M,Married,US Citizen,No,White,2012-04-02,15-04-2013,more money,Voluntarily Terminated,Production,Google Search,Fully Meets,4.9,3,0,2013-02-20,0,20
81584,Senior BI Developer,MA,1987-06-14,F,Single,US Citizen,No,Asian,2016-10-02,,N/A-StillEmployed,Active,IT/IS,Indeed,Fully Meets,4.1,5,7,2019-01-08,0,2
63676,Production Technician I,MA,1979-01-17,F,Single,US Citizen,No,Asian,2011-09-26,19-08-2018,return to school,Voluntarily Terminated,Production,CareerBuilder,Fully Meets,4.88,3,0,2017-07-02,0,17
93046,Shared Services Manager,MA,1984-06-10,M,Married,US Citizen,No,White,2016-01-05,,N/A-StillEmployed,Active,Admin Offices,CareerBuilder,Fully Meets,4.1,4,0,2019-01-28,0,20
64738,Production Technician I,MA,1982-09-02,M,Married,US Citizen,No,Asian,2012-05-14,,N/A-StillEmployed,Active,Production,Google Search,Fully Meets,4.1,3,0,2019-02-22,0,10
70468,Area Sales Manager,UT,1988-12-27,M,Separated,US Citizen,No,Black or African American,2012-04-30,,N/A-StillEmployed,Active,Sales,Website,Fully Meets,4.53,3,0,2019-01-29,0,16
77915,Production Manager,MA,1981-10-26,F,Married,US Citizen,No,White,2013-09-30,,N/A-StillEmployed,Active,Production,Website,Exceeds,4.1,3,0,2019-01-21,0,11
52624,Production Technician I,MA,1981-03-26,F,Married,US Citizen,No,White,2011-07-05,26-09-2018,unhappy,Voluntarily Terminated,Production,Indeed,Fully Meets,3.18,4,0,2018-03-02,0,16
63450,Production Technician II,MA,1979-03-19,M,Married,US Citizen,No,White,2013-07-08,,N/A-StillEmployed,Active,Production,LinkedIn,Fully Meets,4,3,0,2019-02-18,0,7
51777,IT Support,CT,1988-10-05,F,Single,US Citizen,Yes,Black or African American,2011-01-21,,N/A-StillEmployed,Active,IT/IS,Diversity Job Fair,Exceeds,4.64,4,5,2019-01-25,0,14
67237,Production Technician II,MA,1976-12-26,F,Widowed,US Citizen,No,White,2013-07-08,15-09-2016,more money,Voluntarily Terminated,Production,LinkedIn,Fully Meets,4.65,4,0,2016-06-10,0,15
73330,Production Technician II,MA,1982-03-28,F,Single,US Citizen,No,Black or African American,2013-08-19,,N/A-StillEmployed,Active,Production,Indeed,Exceeds,4.2,4,0,2019-02-12,0,19
52057,Production Technician I,MA,1975-10-22,F,Married,US Citizen,No,Black or African American,2015-02-16,,N/A-StillEmployed,Active,Production,Website,Fully Meets,5,3,0,2019-01-23,0,6
47434,Production Technician I,MA,1973-02-14,F,Single,US Citizen,Yes,Black or African American,2011-11-07,14-11-2015,Another position,Voluntarily Terminated,Production,Diversity Job Fair,Exceeds,5,4,0,2015-02-02,0,17
52788,Production Technician I,MA,1972-11-09,M,Widowed,US Citizen,No,White,2012-09-24,26-09-2017,hours,Voluntarily Terminated,Production,Indeed,Fully Meets,3.08,4,0,2017-04-01,0,18
45395,Production Technician I,MA,1986-07-07,F,Single,US Citizen,No,White,2014-01-06,,N/A-StillEmployed,Active,Production,LinkedIn,Fully Meets,4.6,4,0,2019-02-26,0,14
62385,Production Technician II,MA,1976-08-25,F,Married,US Citizen,No,White,2016-05-11,,N/A-StillEmployed,Active,Production,LinkedIn,Fully Meets,5,3,0,2019-01-21,0,4
68407,Production Technician II,MA,1986-12-10,F,Married,US Citizen,No,Two or more races,2011-07-05,19-08-2012,Another position,Voluntarily Terminated,Production,LinkedIn,Fully Meets,5,4,0,2012-07-02,0,16
61349,Production Technician I,MA,1974-11-07,F,Married,US Citizen,No,White,2013-11-11,,N/A-StillEmployed,Active,Production,LinkedIn,Fully Meets,4.1,3,0,2019-01-22,0,11
105688,Software Engineer,MA,1987-11-07,F,Single,US Citizen,No,Asian,2013-11-11,,N/A-StillEmployed,Active,Software Engineering,Google Search,Fully Meets,4.5,5,4,2019-01-14,0,14
54132,Production Technician I,MA,1977-11-22,F,Married,US Citizen,No,White,2011-05-31,,N/A-StillEmployed,Active,Production,Indeed,Fully Meets,5,4,0,2019-01-10,0,8
55315,Production Technician II,MA,1987-05-21,F,Single,US Citizen,No,Black or African American,2015-03-30,,N/A-StillEmployed,Active,Production,LinkedIn,Fully Meets,5,5,0,2019-02-07,0,16
62810,Production Technician I,MA,1987-01-07,F,Married,US Citizen,No,Black or African American,2013-01-07,,N/A-StillEmployed,Active,Production,CareerBuilder,Fully Meets,3.93,3,0,2019-01-30,0,20
63291,Area Sales Manager,TX,1984-07-01,M,Married,US Citizen,No,Two or more races,2016-07-06,,N/A-StillEmployed,Active,Sales,Website,Fully Meets,3.4,4,0,2019-01-29,0,7
62659,Production Technician I,MA,1968-05-30,F,Single,US Citizen,No,Black or African American,2012-04-02,11-11-2016,Another position,Voluntarily Terminated,Production,Diversity Job Fair,Fully Meets,4.18,4,0,2016-02-05,0,17
55688,Production Technician I,MA,1976-09-22,F,Single,US Citizen,No,White,2015-03-30,,N/A-StillEmployed,Active,Production,CareerBuilder,Fully Meets,5,4,0,2019-01-21,0,10
83667,Production Manager,MA,1981-08-10,M,Single,US Citizen,yes,Hispanic,2012-08-16,,N/A-StillEmployed,Active,Production,Indeed,Fully Meets,4.37,3,0,2019-01-14,0,2
55800,Production Technician II,MA,1985-06-29,M,Single,US Citizen,No,White,2011-08-15,04-09-2014,unhappy,Voluntarily Terminated,Production,LinkedIn,PIP,3,2,0,2013-01-14,6,6
58207,Production Technician II,MA,1992-08-17,M,Married,US Citizen,No,White,2011-11-07,,N/A-StillEmployed,Active,Production,LinkedIn,Fully Meets,3.7,3,0,2019-01-08,0,14
157000,IT Manager - Infra,MA,1986-10-05,M,Married,Eligible NonCitizen,Yes,Black or African American,2012-02-15,,N/A-StillEmployed,Active,IT/IS,Diversity Job Fair,Needs Improvement,2.39,3,6,2019-02-22,4,13
72460,Production Technician II,MA,1970-04-24,F,Single,US Citizen,No,Black or African American,2013-05-13,,N/A-StillEmployed,Active,Production,Indeed,Exceeds,4.7,3,0,2019-01-14,0,1
72106,Production Technician II,MA,1976-12-03,M,Single,US Citizen,No,Black or African American,2012-01-09,,N/A-StillEmployed,Active,Production,Diversity Job Fair,Fully Meets,4.1,4,0,2019-01-31,0,12
52599,Network Engineer,MA,1979-04-04,F,Married,US Citizen,No,White,2015-02-16,,N/A-StillEmployed,Active,IT/IS,CareerBuilder,Fully Meets,3.81,3,6,2019-02-11,0,6
63430,Production Technician I,MA,1984-07-07,F,Divorced,US Citizen,No,White,2013-04-01,,N/A-StillEmployed,Active,Production,LinkedIn,Fully Meets,4.4,4,0,2019-01-17,0,18
74417,Production Technician II,MA,1974-12-01,M,Separated,US Citizen,No,Black or African American,2013-05-13,,N/A-StillEmployed,Active,Production,LinkedIn,Fully Meets,4.29,5,0,2019-01-28,0,11
57575,Production Technician I,MA,1980-04-18,M,Single,US Citizen,No,Asian,2013-07-08,,N/A-StillEmployed,Active,Production,LinkedIn,Fully Meets,4.1,4,0,2019-01-22,0,13
87921,Senior BI Developer,MA,1970-04-25,M,Single,US Citizen,No,Asian,2017-02-10,,N/A-StillEmployed,Active,IT/IS,Indeed,Fully Meets,5,3,6,2019-02-25,0,17
50470,Production Technician I,MA,1989-05-02,M,Single,US Citizen,No,Black or African American,2011-09-26,04-04-2014,return to school,Voluntarily Terminated,Production,Diversity Job Fair,Fully Meets,4.3,3,0,2013-03-02,0,19
46664,Production Technician I,MA,1983-03-28,M,Married,US Citizen,No,White,2013-04-01,25-05-2016,more money,Voluntarily Terminated,Production,Employee Referral,Fully Meets,3.18,3,0,2016-03-06,0,10
48495,Production Technician I,MA,1977-04-08,M,Married,US Citizen,No,White,2014-05-12,,N/A-StillEmployed,Active,Production,LinkedIn,Fully Meets,5,5,0,2019-02-18,0,11
52984,Production Technician I,MA,1967-06-03,F,Separated,US Citizen,No,Black or African American,2013-04-01,,N/A-StillEmployed,Active,Production,Diversity Job Fair,Exceeds,4,3,0,2019-02-13,0,12
63695,Area Sales Manager,GA,1989-03-31,F,Single,US Citizen,No,Two or more races,2013-07-08,,N/A-StillEmployed,Active,Sales,Indeed,Fully Meets,5,5,0,2019-01-25,0,2
62061,Production Technician I,MA,1984-07-07,F,Single,US Citizen,No,White,2013-07-08,,N/A-StillEmployed,Active,Production,LinkedIn,Fully Meets,3.6,5,0,2019-01-02,0,4
66738,Production Technician II,MA,1985-11-23,F,Single,US Citizen,No,White,2014-11-10,,N/A-StillEmployed,Active,Production,Indeed,Fully Meets,4.53,5,0,2019-01-16,0,5
52674,Production Technician I,MA,1980-09-30,F,Single,US Citizen,No,Two or more races,2014-03-31,01-05-2018,performance,Terminated for Cause,Production,LinkedIn,PIP,2.33,2,0,2018-03-09,6,3
71966,Production Technician II,MA,1952-02-11,F,Married,US Citizen,No,Asian,2012-05-14,19-08-2013,unhappy,Voluntarily Terminated,Production,LinkedIn,Fully Meets,5,3,0,2013-07-02,0,17
63051,Area Sales Manager,FL,1990-05-11,F,Single,US Citizen,Yes,White,2013-09-30,,N/A-StillEmployed,Active,Sales,Indeed,Fully Meets,4.28,3,0,2019-01-25,0,1
47414,Production Technician I,MA,1976-12-11,M,Married,US Citizen,No,White,2013-09-30,,N/A-StillEmployed,Active,Production,LinkedIn,Exceeds,5,3,0,2019-02-07,0,13
53060,Production Technician I,MA,1979-11-24,M,Single,US Citizen,No,Black or African American,2014-02-17,,N/A-StillEmployed,Active,Production,LinkedIn,Needs Improvement,4.25,3,0,2019-02-04,4,6
68829,Area Sales Manager,NC,1982-05-19,M,Single,US Citizen,No,White,2015-01-05,,N/A-StillEmployed,Active,Sales,Website,Fully Meets,5,5,0,2019-01-14,0,18
63515,Production Technician I,MA,1979-05-01,F,Married,US Citizen,No,White,2011-02-07,12-01-2014,Another position,Voluntarily Terminated,Production,Google Search,Fully Meets,3.89,4,0,2013-03-04,0,7
108987,Software Engineer,MA,1979-02-20,M,Single,US Citizen,No,Black or African American,2011-11-07,07-09-2015,Another position,Voluntarily Terminated,Software Engineering,Diversity Job Fair,Exceeds,5,5,3,2015-08-16,0,13
93093,Data Analyst,MA,1984-09-05,M,Married,US Citizen,No,White,2014-12-01,01-05-2016,performance,Voluntarily Terminated,IT/IS,Employee Referral,Fully Meets,4.7,4,5,2016-01-16,0,19
53564,Production Technician I,MA,1988-03-17,M,Single,US Citizen,No,Black or African American,2011-01-10,28-12-2017,career change,Voluntarily Terminated,Production,Google Search,Needs Improvement,3.54,5,0,2017-04-06,4,15
60270,Production Technician II,MA,1989-07-18,F,Married,US Citizen,No,Asian,2011-07-05,15-09-2015,unhappy,Voluntarily Terminated,Production,CareerBuilder,Needs Improvement,2.4,5,0,2015-02-06,5,2
45998,Production Technician I,MA,1986-07-20,F,Single,US Citizen,No,White,2011-05-16,25-10-2015,medical issues,Voluntarily Terminated,Production,LinkedIn,Fully Meets,3.45,4,0,2014-05-13,0,5
57954,Production Technician II,MA,1986-08-17,F,Married,US Citizen,No,White,2011-05-16,04-02-2013,more money,Voluntarily Terminated,Production,Indeed,Exceeds,4.2,5,0,2013-01-10,0,12
74669,Production Manager,MA,1977-05-09,F,Married,US Citizen,No,White,2010-10-25,18-05-2016,Another position,Voluntarily Terminated,Production,Indeed,Fully Meets,4.16,5,0,2015-03-05,0,6
74226,Production Technician II,MA,1979-03-10,F,Married,Eligible NonCitizen,No,Asian,2012-04-02,,N/A-StillEmployed,Active,Production,LinkedIn,Fully Meets,4.3,3,0,2019-01-14,0,14
93554,Data Analyst,MA,1984-09-16,F,Married,US Citizen,No,Black or African American,2014-11-10,,N/A-StillEmployed,Active,IT/IS,Employee Referral,Exceeds,4.6,5,7,2019-01-04,0,16
64724,Production Technician I,MA,1988-03-06,M,Married,US Citizen,No,Asian,2011-07-05,30-11-2012,more money,Voluntarily Terminated,Production,Google Search,Fully Meets,5,3,0,2012-02-20,0,13
47001,Production Technician I,MA,1981-11-23,M,Single,US Citizen,No,White,2007-11-05,,N/A-StillEmployed,Active,Production,Google Search,Fully Meets,3.66,3,0,2019-02-25,0,15
61844,Area Sales Manager,KY,1988-08-29,F,Married,US Citizen,No,Black or African American,2012-01-09,,N/A-StillEmployed,Active,Sales,Website,Fully Meets,4.2,5,0,2019-02-01,0,9
46799,Production Technician I,MA,1984-10-15,F,Divorced,Eligible NonCitizen,No,Asian,2011-05-16,04-06-2018,Another position,Voluntarily Terminated,Production,Google Search,Fully Meets,3.17,4,0,2018-04-02,0,14
59472,Production Technician I,MA,1961-06-19,M,Single,US Citizen,No,White,2014-01-06,,N/A-StillEmployed,Active,Production,Employee Referral,Fully Meets,4.8,3,0,2019-01-07,0,14
46430,Production Technician I,MA,1970-09-22,F,Divorced,US Citizen,No,White,2012-09-24,18-06-2013,unhappy,Voluntarily Terminated,Production,Indeed,Fully Meets,4.5,5,0,2013-04-02,0,16
83363,Software Engineer,MA,1984-11-06,M,Married,Eligible NonCitizen,No,Black or African American,2011-02-21,15-08-2015,career change,Voluntarily Terminated,Software Engineering,Diversity Job Fair,Fully Meets,4.15,4,0,2014-04-19,0,4
95920,BI Developer,MA,1980-05-12,F,Married,US Citizen,No,Black or African American,2016-10-02,,N/A-StillEmployed,Active,IT/IS,Indeed,Fully Meets,4.4,4,6,2019-02-06,0,10
61729,Production Technician I,MA,1984-12-31,M,Divorced,US Citizen,No,White,2011-09-26,07-04-2018,more money,Voluntarily Terminated,Production,Indeed,Fully Meets,3.8,5,0,2018-02-04,0,19
61809,Area Sales Manager,ID,1954-10-12,M,Married,US Citizen,No,White,2014-05-12,,N/A-StillEmployed,Active,Sales,CareerBuilder,Fully Meets,3.98,3,0,2019-01-28,0,4
45115,Production Technician I,MA,1982-07-22,M,Divorced,US Citizen,Yes,White,2011-05-16,15-01-2016,retiring,Voluntarily Terminated,Production,LinkedIn,Fully Meets,5,4,0,2015-03-30,0,11
46738,Production Technician I,MA,1973-01-12,F,Married,US Citizen,No,Asian,2011-11-28,,N/A-StillEmployed,Active,Production,Google Search,Exceeds,4.36,5,0,2019-02-11,0,16
64971,Production Technician II,MA,1981-09-05,F,Divorced,Eligible NonCitizen,No,Black or African American,2011-09-26,22-10-2011,return to school,Voluntarily Terminated,Production,Google Search,Fully Meets,4.5,4,0,2011-10-22,0,10
55578,Production Technician II,MA,1972-07-03,M,Married,US Citizen,No,White,2011-07-05,08-02-2012,Another position,Voluntarily Terminated,Production,Indeed,Fully Meets,4.2,5,0,2012-01-06,0,13
50428,Production Technician I,MA,1974-01-07,M,Married,US Citizen,No,Black or African American,2011-01-10,26-01-2016,attendance,Voluntarily Terminated,Production,Indeed,Fully Meets,5,3,0,2015-01-10,0,11
61422,Production Technician I,MA,1985-01-07,F,Married,US Citizen,No,White,2011-01-10,17-05-2016,attendance,Terminated for Cause,Production,Indeed,Needs Improvement,3.6,3,0,2016-04-05,4,16
63353,Production Technician I,MA,1985-01-28,M,Widowed,US Citizen,No,White,2013-07-08,,N/A-StillEmployed,Active,Production,Employee Referral,Exceeds,3.6,5,0,2019-02-11,0,4
89883,Data Analyst,MA,1981-10-11,F,Married,US Citizen,No,White,2015-02-16,,N/A-StillEmployed,Active,IT/IS,Employee Referral,Fully Meets,3.69,5,6,2019-02-14,0,15
120000,Principal Data Architect,MA,1973-05-27,F,Single,US Citizen,Yes,White,2015-01-05,10-11-2018,Another position,Voluntarily Terminated,IT/IS,LinkedIn,Fully Meets,3.88,3,7,2018-02-13,0,12
150290,Data Architect,MA,1972-11-21,F,Single,US Citizen,No,Black or African American,2017-01-07,,N/A-StillEmployed,Active,IT/IS,Indeed,Fully Meets,4.94,3,5,2019-02-06,0,17
60627,Production Technician I,MA,1974-12-05,F,Separated,US Citizen,No,White,2014-01-06,,N/A-StillEmployed,Active,Production,Website,Fully Meets,5,4,0,2019-01-31,0,8
53180,Production Technician I,MA,1987-03-18,M,Single,US Citizen,No,White,2011-04-04,13-08-2018,Another position,Voluntarily Terminated,Production,Google Search,Fully Meets,5,5,0,2018-07-02,0,4
140920,IT Manager - DB,MA,1973-04-05,M,Single,US Citizen,No,White,2013-01-20,,N/A-StillEmployed,Active,IT/IS,Indeed,Fully Meets,3.6,5,7,2019-02-18,0,13
148999,IT Manager - DB,MA,1964-01-04,M,Divorced,US Citizen,No,Black or African American,2012-01-09,04-11-2015,hours,Voluntarily Terminated,IT/IS,Diversity Job Fair,Fully Meets,4.3,4,6,2015-01-04,0,8
86214,Software Engineer,MA,1986-07-24,F,Married,US Citizen,No,White,2012-11-05,,N/A-StillEmployed,Active,Software Engineering,Indeed,Fully Meets,4.2,3,6,2019-02-13,0,2
47750,Production Technician I,MA,1968-06-06,F,Single,US Citizen,No,Black or African American,2016-07-04,,N/A-StillEmployed,Active,Production,Diversity Job Fair,Needs Improvement,2.6,4,0,2019-02-18,5,4
46428,Production Technician I,MA,1974-12-21,M,Single,US Citizen,No,White,2009-01-05,30-07-2018,relocation out of area,Voluntarily Terminated,Production,Google Search,Fully Meets,4.6,5,0,2018-02-05,0,7
57975,Production Technician II,MA,1986-04-26,M,Married,US Citizen,No,White,2010-08-30,,N/A-StillEmployed,Active,Production,CareerBuilder,Fully Meets,4.1,3,0,2019-01-10,0,13
88527,Data Analyst,MA,1987-12-17,M,Divorced,US Citizen,No,Black or African American,2015-01-05,31-10-2015,hours,Voluntarily Terminated,IT/IS,LinkedIn,Fully Meets,4.2,3,5,2015-04-20,0,2
56147,Production Technician I,MA,1988-07-10,F,Married,US Citizen,No,Black or African American,2014-09-29,,N/A-StillEmployed,Active,Production,LinkedIn,Fully Meets,3.51,3,0,2019-02-18,0,2
50923,Production Technician I,MA,1975-03-10,F,Single,US Citizen,No,Asian,2013-09-30,,N/A-StillEmployed,Active,Production,Google Search,Fully Meets,5,5,0,2019-02-06,0,14
50750,Network Engineer,MA,1981-04-14,F,Married,US Citizen,No,White,2014-09-30,,N/A-StillEmployed,Active,IT/IS,LinkedIn,Fully Meets,3.31,3,6,2019-01-07,0,7
52087,Production Technician I,MA,1985-08-24,F,Married,US Citizen,No,White,2013-08-19,,N/A-StillEmployed,Active,Production,LinkedIn,Fully Meets,4.81,4,0,2019-02-15,0,15
87826,Data Analyst,MA,1970-02-08,M,Married,US Citizen,Yes,White,2015-01-05,,N/A-StillEmployed,Active,IT/IS,Employee Referral,Fully Meets,3.32,3,7,2019-01-14,0,16
51920,Administrative Assistant,MA,1988-05-19,F,Single,US Citizen,No,White,2015-05-01,,N/A-StillEmployed,Active,Admin Offices,Website,Fully Meets,5,3,5,2019-01-15,0,2
63878,Production Technician II,MA,1987-11-25,F,Single,US Citizen,No,White,2009-10-26,08-04-2015,maternity leave - did not return,Voluntarily Terminated,Production,CareerBuilder,Fully Meets,4.68,4,0,2015-04-02,0,20
60656,Production Technician II,MA,1963-10-30,M,Single,US Citizen,No,White,2014-09-29,,N/A-StillEmployed,Active,Production,Indeed,Exceeds,4.3,3,0,2019-01-28,0,4
72992,Sales Manager,MA,1984-08-16,M,Divorced,US Citizen,No,Black or African American,2014-05-18,,N/A-StillEmployed,Active,Sales,Diversity Job Fair,Needs Improvement,2.4,4,0,2019-01-16,2,16
55000,Administrative Assistant,MA,1987-06-14,F,Married,US Citizen,No,Black or African American,2011-09-26,25-09-2013,career change,Voluntarily Terminated,Admin Offices,Diversity Job Fair,Fully Meets,3.8,4,4,2013-08-15,0,17
58939,Production Technician I,MA,1965-02-02,F,Single,US Citizen,No,White,2013-11-11,,N/A-StillEmployed,Active,Production,Employee Referral,Fully Meets,3.73,3,0,2019-01-24,0,16
66593,IT Support,MA,1973-03-12,F,Married,US Citizen,No,Black or African American,2011-06-10,,N/A-StillEmployed,Active,IT/IS,LinkedIn,Fully Meets,4.3,3,5,2019-02-08,0,19
87565,Sr. Network Engineer,MA,1983-02-09,M,Married,US Citizen,No,Asian,2016-06-30,,N/A-StillEmployed,Active,IT/IS,LinkedIn,Fully Meets,3.27,4,5,2019-01-14,0,13
64021,Production Technician I,MA,1968-07-20,F,Married,US Citizen,No,White,2012-02-20,,N/A-StillEmployed,Active,Production,Indeed,PIP,2.4,2,1,2019-02-25,6,20
65714,Production Manager,MA,1975-09-30,F,Married,US Citizen,No,White,2012-10-02,,N/A-StillEmployed,Active,Production,LinkedIn,Fully Meets,4.83,5,0,2019-02-14,0,15
62425,Production Technician I,MA,1973-03-26,F,Divorced,US Citizen,No,White,2013-05-13,29-06-2015,unhappy,Voluntarily Terminated,Production,LinkedIn,Exceeds,4.1,4,0,2015-03-02,0,16
47961,Production Technician I,MA,1982-08-25,F,Divorced,US Citizen,No,Two or more races,2011-01-10,,N/A-StillEmployed,Active,Production,Google Search,Fully Meets,4.1,4,0,2019-02-07,0,9
58273,Area Sales Manager,NV,1974-05-09,M,Married,US Citizen,No,White,2014-05-12,,N/A-StillEmployed,Active,Sales,Website,PIP,1.81,2,0,2019-01-17,3,5
63003,Accountant I,MA,1986-09-01,M,Single,US Citizen,No,White,2014-09-29,,N/A-StillEmployed,Active,Admin Offices,Indeed,Fully Meets,3.9,5,5,2019-01-18,0,9
61355,Production Technician I,MA,1985-03-14,M,Married,US Citizen,No,Asian,2014-02-17,,N/A-StillEmployed,Active,Production,LinkedIn,Fully Meets,4.7,3,0,2019-01-11,0,4
60120,Area Sales Manager,MT,1989-05-12,F,Married,US Citizen,No,Black or African American,2010-09-27,,N/A-StillEmployed,Active,Sales,Indeed,Fully Meets,4.1,4,0,2019-01-31,0,18
63682,Production Manager,MA,1978-03-28,F,Married,US Citizen,No,Black or African American,2009-01-08,,N/A-StillEmployed,Active,Production,Indeed,Fully Meets,3.73,4,0,2019-01-24,0,12
63025,Production Technician I,MA,1982-10-07,M,Married,US Citizen,Yes,White,2015-01-05,,N/A-StillEmployed,Active,Production,Google Search,Fully Meets,4.36,5,0,2019-01-24,0,10
59238,Production Technician I,MA,1968-08-15,F,Single,Eligible NonCitizen,No,Asian,2012-05-14,,N/A-StillEmployed,Active,Production,Indeed,Fully Meets,3.4,5,0,2019-01-31,0,13
92989,Software Engineer,MA,1983-05-06,M,Single,US Citizen,No,White,2014-07-07,,N/A-StillEmployed,Active,Software Engineering,LinkedIn,Exceeds,4.5,5,5,2019-02-18,0,1
90100,BI Developer,MA,1987-10-24,M,Married,US Citizen,No,White,2017-04-20,,N/A-StillEmployed,Active,IT/IS,Indeed,Fully Meets,3.4,3,6,2019-01-02,0,14
60754,Production Technician I,MA,1975-04-03,F,Married,Non-Citizen,No,Black or African American,2009-04-27,01-04-2013,Another position,Voluntarily Terminated,Production,Diversity Job Fair,Fully Meets,4.5,5,0,2012-02-15,0,11
72202,Production Technician II,MA,1953-05-24,F,Married,US Citizen,No,White,2011-05-16,08-07-2017,Another position,Voluntarily Terminated,Production,Google Search,Fully Meets,3.93,3,0,2017-04-18,0,3
58370,Area Sales Manager,OR,1965-05-07,F,Single,US Citizen,No,Black or African American,2014-09-29,,N/A-StillEmployed,Active,Sales,Indeed,Fully Meets,3.69,3,0,2019-01-28,0,18
48413,Production Technician I,MA,1965-05-09,F,Single,US Citizen,No,White,2011-07-05,05-09-2016,return to school,Voluntarily Terminated,Production,Indeed,Fully Meets,3.98,4,0,2016-03-02,0,1
67176,Production Technician II,MA,1975-09-16,M,Widowed,US Citizen,No,White,2007-06-25,30-08-2010,military,Voluntarily Terminated,Production,Other,Fully Meets,4.1,4,0,2010-07-14,0,15
56339,Production Technician I,MA,1967-06-05,F,Divorced,US Citizen,No,Black or African American,2013-02-18,,N/A-StillEmployed,Active,Production,Indeed,Fully Meets,4.21,5,0,2019-01-14,0,4
64397,Area Sales Manager,ND,1968-01-15,M,Separated,US Citizen,No,White,2006-01-09,,N/A-StillEmployed,Active,Sales,Indeed,Exceeds,4.1,3,0,2019-01-04,0,6
63025,Production Technician I,MA,1983-05-16,F,Single,US Citizen,No,White,2014-02-17,,N/A-StillEmployed,Active,Production,LinkedIn,Needs Improvement,2.44,5,0,2019-02-11,4,18
75281,Network Engineer,MA,1988-05-05,M,Married,US Citizen,No,White,2015-01-05,12-02-2016,medical issues,Voluntarily Terminated,IT/IS,CareerBuilder,Fully Meets,5,3,5,2015-04-15,0,11
100416,Software Engineer,MA,1983-06-14,M,Single,Non-Citizen,No,Black or African American,2013-02-18,15-04-2018,medical issues,Voluntarily Terminated,Software Engineering,Diversity Job Fair,Fully Meets,4.6,3,4,2017-02-12,0,9
74813,Production Technician II,MA,1985-03-15,F,Single,US Citizen,No,White,2011-01-10,02-07-2014,unhappy,Voluntarily Terminated,Production,LinkedIn,Fully Meets,4.4,3,0,2014-01-05,0,5
76029,Network Engineer,MA,1969-03-31,M,Married,Eligible NonCitizen,No,White,2015-03-30,,N/A-StillEmployed,Active,IT/IS,Employee Referral,Fully Meets,5,4,7,2019-01-14,0,8
57859,Area Sales Manager,AZ,1991-05-23,F,Married,US Citizen,No,Two or more races,2011-07-05,,N/A-StillEmployed,Active,Sales,Indeed,Fully Meets,2.81,3,0,2019-01-17,0,16
58523,Production Technician I,MA,1987-01-31,M,Divorced,US Citizen,No,White,2012-08-13,05-02-2016,maternity leave - did not return,Voluntarily Terminated,Production,LinkedIn,Exceeds,4.5,5,0,2016-02-01,0,15
88976,Production Manager,MA,1968-10-10,M,Divorced,US Citizen,No,White,2011-08-01,,N/A-StillEmployed,Active,Production,Employee Referral,Fully Meets,3.93,3,0,2019-02-27,0,19
55875,Area Sales Manager,ME,1989-07-11,M,Single,US Citizen,No,Asian,2012-03-05,,N/A-StillEmployed,Active,Sales,Website,Fully Meets,4.5,4,0,2019-01-18,0,11
113999,Database Administrator,MA,1986-08-07,M,Married,US Citizen,No,Black or African American,2015-02-16,22-02-2017,"no-call, no-show",Terminated for Cause,IT/IS,Employee Referral,Fully Meets,4.33,3,7,2017-02-15,0,9
49773,Production Technician I,MA,1986-06-03,F,Married,US Citizen,No,White,2011-09-26,08-02-2016,gross misconduct,Terminated for Cause,Production,Google Search,Exceeds,4.3,5,0,2015-02-01,0,18
62068,Production Technician I,MA,1985-04-06,F,Single,US Citizen,No,White,2015-07-05,,N/A-StillEmployed,Active,Production,LinkedIn,Fully Meets,3.21,3,0,2019-01-29,0,7
66541,Production Technician II,MA,1976-02-10,M,Single,US Citizen,No,Black or African American,2014-08-18,,N/A-StillEmployed,Active,Production,Employee Referral,Fully Meets,3.11,5,0,2019-02-12,0,4
80512,Production Manager,MA,1955-11-14,F,Married,US Citizen,No,Black or African American,2011-09-26,02-01-2012,Another position,Voluntarily Terminated,Production,Diversity Job Fair,Fully Meets,4.5,3,0,2012-01-02,0,5
50274,Production Technician I,MA,1980-08-02,F,Single,US Citizen,No,White,2012-08-13,01-09-2015,career change,Voluntarily Terminated,Production,CareerBuilder,Needs Improvement,2.5,3,0,2014-09-05,6,13
84903,Senior BI Developer,MA,1981-07-08,M,Single,US Citizen,No,Asian,2017-02-15,,N/A-StillEmployed,Active,IT/IS,Indeed,Fully Meets,3.42,4,7,2019-01-04,0,17
107226,Sr. Network Engineer,MA,1978-05-02,F,Widowed,US Citizen,No,Asian,2015-03-30,,N/A-StillEmployed,Active,IT/IS,Employee Referral,Fully Meets,4.2,4,8,2019-02-05,0,7
58371,Production Technician I,MA,1987-05-24,M,Single,US Citizen,Yes,White,2011-01-10,15-05-2014,hours,Voluntarily Terminated,Production,LinkedIn,Fully Meets,5,5,0,2014-05-15,0,11
55140,Production Technician I,MA,1965-09-09,M,Married,Eligible NonCitizen,No,White,2011-05-16,07-09-2015,unhappy,Voluntarily Terminated,Production,Website,Fully Meets,5,3,0,2015-02-15,0,7
58062,Production Technician I,MA,1983-07-30,F,Divorced,US Citizen,No,White,2011-01-10,14-05-2012,Another position,Voluntarily Terminated,Production,Google Search,Fully Meets,3.6,5,0,2011-02-06,0,9
59728,Production Technician I,MA,1969-10-02,F,Single,US Citizen,Yes,Black or African American,2012-01-09,27-06-2015,relocation out of area,Voluntarily Terminated,Production,Diversity Job Fair,Fully Meets,4.3,4,0,2014-06-02,0,16
70507,Production Technician II,MA,1958-11-07,M,Single,US Citizen,No,White,2013-01-07,21-02-2016,retiring,Voluntarily Terminated,Production,LinkedIn,Exceeds,5,3,0,2016-01-19,0,7
60446,Production Technician II,MA,1985-04-20,F,Single,US Citizen,No,White,2014-09-29,,N/A-StillEmployed,Active,Production,LinkedIn,Fully Meets,3.4,4,0,2019-02-21,0,14
65893,Production Technician II,MA,1985-05-11,M,Single,US Citizen,No,White,2014-07-07,,N/A-StillEmployed,Active,Production,LinkedIn,Fully Meets,4.07,4,0,2019-02-28,0,13
48513,Production Technician I,MA,1982-05-04,F,Single,US Citizen,No,Asian,2008-09-02,29-09-2015,Another position,Voluntarily Terminated,Production,Google Search,PIP,3.2,2,0,2015-09-02,5,4
220450,CIO,MA,1979-08-30,F,Single,US Citizen,No,White,2010-04-10,,N/A-StillEmployed,Active,IT/IS,Employee Referral,Exceeds,4.6,5,6,2019-02-21,0,16
89292,Data Analyst,MA,1979-02-24,F,Single,US Citizen,No,White,2015-03-30,,N/A-StillEmployed,Active,IT/IS,Employee Referral,Fully Meets,5,3,5,2019-02-01,0,11
45046,Production Technician I,MA,1978-08-17,F,Widowed,US Citizen,No,Asian,2014-09-29,,N/A-StillEmployed,Active,Production,LinkedIn,Fully Meets,4.5,5,0,2019-01-30,0,2
